{"q4": {"flux_list": [7090.635891714308, 5624.337025546597, 6538.586696321939, 6288.71323185207, 6115.990033849701, 5265.776922677678, 5563.254083198312, 5192.952399773218, 5728.133961545495, 6048.945914151047, 6609.846672887652, 6680.839673985986, 7300.952496279231, 6295.561833022644, 5254.755109304945, 5288.777133053585, 5456.056205141664, 6340.940446361541, 6816.363590130326, 5821.235727563252, 5934.803406448814, 5990.68584464825, 6296.33505281858, 6961.220683978745, 5017.475736606043, 5873.870667346849, 6189.0023982459315, 4968.150158553929, 5999.389509581825, 5938.317644215013, 5439.915663846827, 5916.743884002196, 6569.352257742434, 6500.077864383781, 6747.503661612428, 5937.539898591645, 6169.361906357838, 5907.802308957124, 6579.77089017723, 6608.745111496606, 6587.975424169397, 5543.227425724815, 4360.028443634124, 7082.630084917402, 6514.3876141842065, 5523.16670739068, 6076.635386313282, 5978.39759674061, 6158.720166106628, 6050.984439722682, 6199.068611707638, 7032.7746617121975, 4565.67182395512, 4967.731048521882, 6602.237703301864, 6312.482854630485, 4877.891833845139, 6247.45345340259, 6380.151538635823, 6030.630480480454, 5236.480441600247, 5691.314859574923, 7004.269167022218, 6528.387087189913, 5613.242227819851, 7062.249339079221, 7676.633853143383, 5838.462461063889, 4712.258395147895, 5680.1552122039375, 5830.102139331182, 5516.139330952022, 5339.0465181988475, 5910.1893482900905, 4527.6163546703, 6406.199541717104, 5923.8481038929085, 5625.575541265269, 6244.078692419504, 5320.020062572982, 6862.794184151388, 5275.022157102592, 6040.646483503272, 6965.037019871031, 5903.434375688458, 5527.509461750371, 6164.4256818546155, 6197.93162893532, 5671.458980345348, 7523.050734699287, 5547.311857552444, 6981.564030084989, 6797.826855144429, 5359.3711682493895, 6228.459915580782, 4623.186107966841, 6281.859682923451, 6351.2405918650165, 6522.202641507094, 6794.728653645381], "temp_4th_power_list": [3720902098109.84, 36920184772523.83, 679169434340.2461, 364305252813.42725, 2276699556690.6064, 265831183838.67426, 5332805091539.24, 1715154998066.556, 4735595545154.995, 2007762057023.2327, 1264429580332.0, 1614060154227.3735, 1920203181924.5964, 5817173062099.691, 11373603984801.695, 4133766887733.8438, 369930112.2511862, 1778845516503.1907, 1474516252745.0088, 51770325080.62675, 4260525827061.266, 3811731353582.7227, 55905149366461.484, 2400654313723.95, 84705586.17443289, 1433494514836.8562, 1388392694505.7158, 38058799973.874664, 13241788554625.451, 6863940160455.807, 4241044506439.9253, 7845600230.769179, 16302767571.317156, 54234751412.38523, 2026147069590.499, 2116592492894.9714, 349782339081.6145, 9203517804866.57, 232612833123.25076, 5533403.496460677, 9967483890245.217, 19281502687597.09, 4292317502569.671, 17075921170.796894, 7822056637832.525, 20885315923191.434, 681214285904.7296, 624584769635.0688, 42713436505.08507, 129562859426.09697, 11959130709343.195, 6706409628792.385, 9153661391594.092, 426559758591.77203, 2852195348361.679, 66120359623.784584, 8716073369214.709, 1583384096468.9424, 5478415411501.287, 755469819104.6084, 4362745310195.4277, 24657240551.122875, 41144776119309.46, 4969310178448.308, 255283195470.86298, 5027355844053.302, 355068132460.81866, 14349159094873.363, 9769087780353.24, 14364135111907.51, 1804128104138.1814, 396702240.5844639, 1138430143964.1829, 19309933202568.445, 476400140.847147, 5719382454254.801, 73318155425.09485, 20604583683328.527, 4308996194434.1533, 254982408283.38788, 5144906130089.736, 163615235350.86832, 438147194271.92706, 747571497313.467, 2944179156285.079, 528655637945.60785, 22156885054214.82, 37948462937.81208, 2582702944169.794, 232122312.8169217, 146425403608.67474, 3072544045094.0615, 6144479876259.053, 9820487536929.01, 235007601.04823393, 10846361439780.7, 1405144901389.4197, 623419760700.7096, 247810879089.2781, 3076171399065.975]}, "q5": {"flux_list_no_outliers": [5624.337025546597, 6538.586696321939, 6288.71323185207, 6115.990033849701, 5265.776922677678, 5563.254083198312, 5192.952399773218, 5728.133961545495, 6048.945914151047, 6609.846672887652, 6680.839673985986, 6295.561833022644, 5254.755109304945, 5288.777133053585, 5456.056205141664, 6340.940446361541, 6816.363590130326, 5821.235727563252, 5934.803406448814, 5990.68584464825, 6296.33505281858, 6961.220683978745, 5017.475736606043, 5873.870667346849, 6189.0023982459315, 4968.150158553929, 5999.389509581825, 5938.317644215013, 5439.915663846827, 5916.743884002196, 6569.352257742434, 6500.077864383781, 6747.503661612428, 5937.539898591645, 6169.361906357838, 5907.802308957124, 6579.77089017723, 6608.745111496606, 6587.975424169397, 5543.227425724815, 4360.028443634124, 6514.3876141842065, 5523.16670739068, 6076.635386313282, 5978.39759674061, 6158.720166106628, 6050.984439722682, 6199.068611707638, 4565.67182395512, 4967.731048521882, 6602.237703301864, 6312.482854630485, 4877.891833845139, 6247.45345340259, 6380.151538635823, 6030.630480480454, 5236.480441600247, 5691.314859574923, 6528.387087189913, 5613.242227819851, 5838.462461063889, 4712.258395147895, 5680.1552122039375, 5830.102139331182, 5516.139330952022, 5339.0465181988475, 5910.1893482900905, 4527.6163546703, 6406.199541717104, 5923.8481038929085, 5625.575541265269, 6244.078692419504, 5320.020062572982, 6862.794184151388, 5275.022157102592, 6040.646483503272, 6965.037019871031, 5903.434375688458, 5527.509461750371, 6164.4256818546155, 6197.93162893532, 5671.458980345348, 5547.311857552444, 6981.564030084989, 6797.826855144429, 5359.3711682493895, 6228.459915580782, 4623.186107966841, 6281.859682923451, 6351.2405918650165, 6522.202641507094, 6794.728653645381], "temp_4th_power_list_no_outliers": [36920184772523.83, 679169434340.2461, 364305252813.42725, 2276699556690.6064, 265831183838.67426, 5332805091539.24, 1715154998066.556, 4735595545154.995, 2007762057023.2327, 1264429580332.0, 1614060154227.3735, 5817173062099.691, 11373603984801.695, 4133766887733.8438, 369930112.2511862, 1778845516503.1907, 1474516252745.0088, 51770325080.62675, 4260525827061.266, 3811731353582.7227, 55905149366461.484, 2400654313723.95, 84705586.17443289, 1433494514836.8562, 1388392694505.7158, 38058799973.874664, 13241788554625.451, 6863940160455.807, 4241044506439.9253, 7845600230.769179, 16302767571.317156, 54234751412.38523, 2026147069590.499, 2116592492894.9714, 349782339081.6145, 9203517804866.57, 232612833123.25076, 5533403.496460677, 9967483890245.217, 19281502687597.09, 4292317502569.671, 7822056637832.525, 20885315923191.434, 681214285904.7296, 624584769635.0688, 42713436505.08507, 129562859426.09697, 11959130709343.195, 9153661391594.092, 426559758591.77203, 2852195348361.679, 66120359623.784584, 8716073369214.709, 1583384096468.9424, 5478415411501.287, 755469819104.6084, 4362745310195.4277, 24657240551.122875, 4969310178448.308, 255283195470.86298, 14349159094873.363, 9769087780353.24, 14364135111907.51, 1804128104138.1814, 396702240.5844639, 1138430143964.1829, 19309933202568.445, 476400140.847147, 5719382454254.801, 73318155425.09485, 20604583683328.527, 4308996194434.1533, 254982408283.38788, 5144906130089.736, 163615235350.86832, 438147194271.92706, 747571497313.467, 2944179156285.079, 528655637945.60785, 22156885054214.82, 37948462937.81208, 2582702944169.794, 146425403608.67474, 3072544045094.0615, 6144479876259.053, 9820487536929.01, 235007601.04823393, 10846361439780.7, 1405144901389.4197, 623419760700.7096, 247810879089.2781, 3076171399065.975]}}