{"q4": {"flux_list": [5958.588896090001, 4804.38721076685, 5193.27078995285, 5563.206039451351, 6107.739832584108, 6240.146991597479, 6531.939145251752, 4909.22112673214, 6469.299272570559, 6613.716297109486, 6262.2564740964, 5492.57763496664, 6140.101882871083, 5837.298304160067, 5357.701997383776, 6775.117472063264, 6307.67066691214, 5046.267557476402, 6392.56195558983, 5686.040279851085, 4841.941841746518, 5702.324454837478, 6482.991789466526, 5310.358215208488, 6168.59167557686, 5997.593775617636, 6159.823642463634, 5240.260188576467, 5221.402962058815, 5542.157843043451, 5655.16258974744, 6736.3296176727235, 6919.068137334817, 6019.783119732002, 6057.878845077214, 6135.43863206504, 6548.780473306201, 6801.106002994468, 6170.343973496893, 6490.142834486688, 5487.228725444087, 6450.752903391749, 5752.922330040925, 5917.406499954342, 6483.547870175154, 5689.737149972432, 6500.1471720750915, 6027.73309955147, 5837.532377859147, 6126.297829604939, 5243.148734897117, 5746.967413778739, 6419.944044633776, 5653.025250703817, 6326.47438482961, 6112.352757440244, 5631.029801480233, 6188.379424631218, 7412.353830169763, 6589.906277970426, 6299.636051126754, 5403.868990390679, 7220.937991101055, 6580.459544967735, 6154.005448672707, 7175.512537263409, 5459.814216365386, 6013.833592412208, 6348.810006476256, 7507.839757302095, 5416.780222392609, 6807.500897937319, 5177.438370385872, 6773.468657903632, 6141.317083399009, 6101.514749457855, 5981.670191559622, 7391.158614088472, 7055.754368079946, 6913.835898376933, 4527.885739649544, 7031.060502193153, 7760.791730427922, 6179.17559163024, 6304.4331768971015, 6144.187264303484, 4866.083803950356, 6003.019720916651, 6298.661231274986, 5437.584533505848, 6986.193057246436, 5726.788864672195, 6127.916776549928, 6314.574075618415, 5736.068327991208, 7043.123026861655, 4743.942884663555, 5919.863243025916, 5568.9908931143145, 6923.598946748581], "temp_4th_power_list": [4607723095351.7705, 53309238037612.805, 90053996798.36804, 4292760908134.1987, 4937358490031.938, 2748617586.233552, 5535585779988.067, 2726814038999.5835, 842519636.8892933, 4371059779245.414, 180340184760.30453, 191854496492.17725, 3610890987994.409, 2877731674427.7266, 529068638336.96985, 2544870712313.4683, 1522973114565.04, 10182426751.826496, 4307844492942.6265, 16443754296732.707, 1318461934579.917, 436481493010.0873, 2719916151373.2363, 698532232421.1357, 88387750315.40779, 3859900000.7086096, 361349846951.11993, 3565516781407.637, 80690475622.45557, 1225781349283.6167, 4663182980901.776, 2011274435066.479, 4115604044043.3296, 6027485591.650762, 2257172945951.6606, 712349828.2444838, 1318047427131.5674, 685031738.3818669, 3175243047650.215, 1657717888752.455, 6336421822556.128, 7710419778860.117, 1607185878393.2715, 3579547315346.22, 958735722200.9517, 325501687924.34076, 208283206224.05975, 1093865763075.3318, 1962973947559.019, 2419946285167.391, 2394732672553.3076, 114841183276.64462, 12689858218084.887, 10819366921199.488, 35005701127385.582, 7659910860303.159, 109488088583.6448, 10080593523406.66, 72217380225.43405, 1135790540697.6257, 226112200.6611033, 3727006232456.7114, 41754895078927.1, 8954713247.306398, 2754380692824.381, 4904591466204.73, 660752025589.1688, 7160609944774.786, 154813061889.0566, 336369112624.5093, 1334724993458.9285, 14890112132427.158, 3925587630390.8867, 6435972444.058265, 199129123614.81808, 1066929653792.2438, 2949858220781.8047, 9400812835005.658, 785963962823.0946, 267040264024.99463, 78682297196.81125, 182973483749.54578, 1064665798563.0844, 226826302925.53308, 748918962301.7013, 541571377.412769, 1712947594457.7708, 278353023960.81726, 1793655245356.5078, 1714042900989.3416, 185422812444.28394, 6407223096616.437, 2880522774.1211753, 3782599591614.0684, 79570640959.11755, 73200431108.07655, 13715435364317.402, 5219578162256.555, 368983159366.6215, 2572257660599.4873]}, "q5": {"flux_list_no_outliers": [5958.588896090001, 4804.38721076685, 5193.27078995285, 5563.206039451351, 6107.739832584108, 6240.146991597479, 6531.939145251752, 4909.22112673214, 6469.299272570559, 6613.716297109486, 6262.2564740964, 5492.57763496664, 6140.101882871083, 5837.298304160067, 5357.701997383776, 6775.117472063264, 6307.67066691214, 5046.267557476402, 6392.56195558983, 5686.040279851085, 4841.941841746518, 5702.324454837478, 6482.991789466526, 5310.358215208488, 6168.59167557686, 5997.593775617636, 6159.823642463634, 5240.260188576467, 5221.402962058815, 5542.157843043451, 5655.16258974744, 6736.3296176727235, 6919.068137334817, 6019.783119732002, 6057.878845077214, 6135.43863206504, 6548.780473306201, 6801.106002994468, 6170.343973496893, 6490.142834486688, 5487.228725444087, 6450.752903391749, 5752.922330040925, 5917.406499954342, 6483.547870175154, 5689.737149972432, 6500.1471720750915, 6027.73309955147, 5837.532377859147, 6126.297829604939, 5243.148734897117, 5746.967413778739, 6419.944044633776, 5653.025250703817, 6326.47438482961, 6112.352757440244, 5631.029801480233, 6188.379424631218, 6589.906277970426, 6299.636051126754, 5403.868990390679, 6580.459544967735, 6154.005448672707, 5459.814216365386, 6013.833592412208, 6348.810006476256, 5416.780222392609, 6807.500897937319, 5177.438370385872, 6773.468657903632, 6141.317083399009, 6101.514749457855, 5981.670191559622, 6913.835898376933, 4527.885739649544, 6179.17559163024, 6304.4331768971015, 6144.187264303484, 4866.083803950356, 6003.019720916651, 6298.661231274986, 5437.584533505848, 6986.193057246436, 5726.788864672195, 6127.916776549928, 6314.574075618415, 5736.068327991208, 4743.942884663555, 5919.863243025916, 5568.9908931143145, 6923.598946748581], "temp_4th_power_list_no_outliers": [4607723095351.7705, 53309238037612.805, 90053996798.36804, 4292760908134.1987, 4937358490031.938, 2748617586.233552, 5535585779988.067, 2726814038999.5835, 842519636.8892933, 4371059779245.414, 180340184760.30453, 191854496492.17725, 3610890987994.409, 2877731674427.7266, 529068638336.96985, 2544870712313.4683, 1522973114565.04, 10182426751.826496, 4307844492942.6265, 16443754296732.707, 1318461934579.917, 436481493010.0873, 2719916151373.2363, 698532232421.1357, 88387750315.40779, 3859900000.7086096, 361349846951.11993, 3565516781407.637, 80690475622.45557, 1225781349283.6167, 4663182980901.776, 2011274435066.479, 4115604044043.3296, 6027485591.650762, 2257172945951.6606, 712349828.2444838, 1318047427131.5674, 685031738.3818669, 3175243047650.215, 1657717888752.455, 6336421822556.128, 7710419778860.117, 1607185878393.2715, 3579547315346.22, 958735722200.9517, 325501687924.34076, 208283206224.05975, 1093865763075.3318, 1962973947559.019, 2419946285167.391, 2394732672553.3076, 114841183276.64462, 12689858218084.887, 10819366921199.488, 35005701127385.582, 7659910860303.159, 109488088583.6448, 10080593523406.66, 1135790540697.6257, 226112200.6611033, 3727006232456.7114, 8954713247.306398, 2754380692824.381, 660752025589.1688, 7160609944774.786, 154813061889.0566, 1334724993458.9285, 14890112132427.158, 3925587630390.8867, 6435972444.058265, 199129123614.81808, 1066929653792.2438, 2949858220781.8047, 267040264024.99463, 78682297196.81125, 226826302925.53308, 748918962301.7013, 541571377.412769, 1712947594457.7708, 278353023960.81726, 1793655245356.5078, 1714042900989.3416, 185422812444.28394, 6407223096616.437, 2880522774.1211753, 3782599591614.0684, 79570640959.11755, 13715435364317.402, 5219578162256.555, 368983159366.6215, 2572257660599.4873]},