{"q4": {"flux_list": [5512.051775688993, 5991.4727620378435, 6684.280248975934, 6834.086231182039, 7771.4584836678005, 6396.646815541283, 6444.7003066260295, 5570.528802564165, 5750.713513759175, 4824.898619907962, 5819.483338823275, 5923.643978533772, 6443.36390594154, 5920.401368533279, 6856.6536909640035, 6080.234393270365, 6623.209665635281, 5517.354162155181, 6424.764331553543, 6139.934763911165, 5261.826720278466, 5626.307092085694, 6799.606386102586, 6728.825883485432, 7162.72727657153, 5327.442628436028, 5570.633776271039, 6951.611317376852, 5518.068198784625, 5632.19813120973, 5663.314823179233, 6374.699379700888, 6054.169269152664, 5693.122305276816, 6097.704004524234, 6907.4995617960185, 4668.150205680684, 6655.698455380492, 6712.9052665952695, 6045.829650531752, 7122.425044980427, 4730.955728249268, 6522.933843172961, 5048.6619858181675, 5664.6129548320505, 6091.341108172889, 6249.813186545268, 6473.596173649724, 6469.977183988869, 6110.084232473476, 5310.532462307731, 5470.476863845982, 7020.5587385095605, 5525.406336750177, 6552.928344562909, 4720.167685030798, 6166.714643907017, 5321.933805593598, 5881.296495360956, 5300.213358216237, 6119.513975767117, 6940.252658014302, 7173.534415939279, 6038.214330822527, 5918.198572796631, 7655.481287439133, 5786.59949011398, 6712.400574480242, 5964.547932798675, 6233.325370107222, 5501.620556720015, 5597.481654412158, 6363.369235774316, 6287.836919921756, 4894.500531184553, 5860.870561108431, 5530.053626000638, 5890.405251508774, 5446.4039526453735, 5436.225649597385, 6421.460342897905, 5967.686217647798, 6416.953871729419, 6282.584876832032, 6058.315324514332, 6858.515911007206, 5381.001361547624, 4891.5178138050105, 6092.448591049636, 5193.999055365393, 6052.278253962314, 4932.755473669104, 7455.734506375132, 5648.934973726527, 6141.634006380313, 6876.306037493884, 6872.4993902235565, 6120.074565216511, 5893.999215445262, 6335.141311540717], "temp_4th_power_list": [6385249241417.774, 6712893046353.84, 2983129335683.193, 3790115845370.156, 1824901308696.9983, 156084524673.49936, 13723597452405.072, 13798904292713.646, 60487710948.91383, 13571091425.261436, 7095811628832.49, 1921185108430.7292, 8801189274470.662, 40141954573.178375, 46163803428718.33, 3590245670715.605, 4430681237613.487, 5006193705041.493, 621366121176.0918, 2302097016219.7207, 6338741571761.698, 3102665912483.316, 19876459541008.473, 49342193443925.88, 2345251394959.701, 2544227765122.756, 514760006708.21735, 131006982483.71037, 23591572977380.65, 2002436332034.155, 995957258316.611, 363795432046.8842, 1626215859157.443, 5093113967955.085, 89881141494.8956, 3720861858030.6045, 5204800933022.757, 1696491031997.0796, 765530314342.9343, 1813639040959.984, 1007870933221.8829, 22192888893.205574, 1630774704055.197, 48416741726.07272, 1301857580.4238925, 7073722339685.843, 14082951625.153162, 107738843016.03027, 83367005326.86661, 6224434298117.817, 3806911740492.607, 1849293818709.443, 8138600164968.756, 50132506248.27998, 12997857989.283516, 373891317060.1306, 11868651060620.945, 141217742409.19598, 67120375920.06876, 7374870140653.609, 5929399836886.291, 1503532358894.9473, 338102703944.3678, 20477918691899.57, 13239959151.317738, 155383221103.34277, 881374708777.4403, 1546117593391.096, 200681302769.10034, 3049130570939.4634, 32437161698564.22, 15894922300443.686, 10358845038116.547, 3311444553364.5776, 3784800771937.7456, 891434354785.891, 1942820571954.7153, 463441873276.814, 474283895497.23737, 15463450433089.36, 165204835878.45602, 5574382768925.185, 65660859992.42646, 13603571130403.488, 61168715917.701546, 259737727392.92523, 9227867922.797546, 3991330411137.409, 894241108.3286848, 13286147851244.658, 193708807558.85483, 324799469019.4646, 358737587720.8851, 403557603014.74536, 559124291489.2964, 1384099269195.3389, 7386452527170.366, 43224506865875.99, 45993628290.24569, 8072295452283.181]}, "q5": {"flux_list_no_outliers": [5512.051775688993, 5991.4727620378435, 6684.280248975934, 6834.086231182039, 6396.646815541283, 6444.7003066260295, 5570.528802564165, 5750.713513759175, 4824.898619907962, 5819.483338823275, 5923.643978533772, 6443.36390594154, 5920.401368533279, 6856.6536909640035, 6080.234393270365, 6623.209665635281, 5517.354162155181, 6424.764331553543, 6139.934763911165, 5261.826720278466, 5626.307092085694, 6799.606386102586, 6728.825883485432, 5327.442628436028, 5570.633776271039, 6951.611317376852, 5518.068198784625, 5632.19813120973, 5663.314823179233, 6374.699379700888, 6054.169269152664, 5693.122305276816, 6097.704004524234, 6907.4995617960185, 4668.150205680684, 6655.698455380492, 6712.9052665952695, 6045.829650531752, 4730.955728249268, 6522.933843172961, 5048.6619858181675, 5664.6129548320505, 6091.341108172889, 6249.813186545268, 6473.596173649724, 6469.977183988869, 6110.084232473476, 5310.532462307731, 5470.476863845982, 5525.406336750177, 6552.928344562909, 4720.167685030798, 6166.714643907017, 5321.933805593598, 5881.296495360956, 5300.213358216237, 6119.513975767117, 6940.252658014302, 6038.214330822527, 5918.198572796631, 5786.59949011398, 6712.400574480242, 5964.547932798675, 6233.325370107222, 5501.620556720015, 5597.481654412158, 6363.369235774316, 6287.836919921756, 4894.500531184553, 5860.870561108431, 5530.053626000638, 5890.405251508774, 5446.4039526453735, 5436.225649597385, 6421.460342897905, 5967.686217647798, 6416.953871729419, 6282.584876832032, 6058.315324514332, 6858.515911007206, 5381.001361547624, 4891.5178138050105, 6092.448591049636, 5193.999055365393, 6052.278253962314, 4932.755473669104, 5648.934973726527, 6141.634006380313, 6876.306037493884, 6872.4993902235565, 6120.074565216511, 5893.999215445262, 6335.141311540717], "temp_4th_power_list_no_outliers": [6385249241417.774, 6712893046353.84, 2983129335683.193, 3790115845370.156, 156084524673.49936, 13723597452405.072, 13798904292713.646, 60487710948.91383, 13571091425.261436, 7095811628832.49, 1921185108430.7292, 8801189274470.662, 40141954573.178375, 46163803428718.33, 3590245670715.605, 4430681237613.487, 5006193705041.493, 621366121176.0918, 2302097016219.7207, 6338741571761.698, 3102665912483.316, 19876459541008.473, 49342193443925.88, 2544227765122.756, 514760006708.21735, 131006982483.71037, 23591572977380.65, 2002436332034.155, 995957258316.611, 363795432046.8842, 1626215859157.443, 5093113967955.085, 89881141494.8956, 3720861858030.6045, 5204800933022.757, 1696491031997.0796, 765530314342.9343, 1813639040959.984, 22192888893.205574, 1630774704055.197, 48416741726.07272, 1301857580.4238925, 7073722339685.843, 14082951625.153162, 107738843016.03027, 83367005326.86661, 6224434298117.817, 3806911740492.607, 1849293818709.443, 50132506248.27998, 12997857989.283516, 373891317060.1306, 11868651060620.945, 141217742409.19598, 67120375920.06876, 7374870140653.609, 5929399836886.291, 1503532358894.9473, 20477918691899.57, 13239959151.317738, 881374708777.4403, 1546117593391.096, 200681302769.10034, 3049130570939.4634, 32437161698564.22, 15894922300443.686, 10358845038116.547, 3311444553364.5776, 3784800771937.7456, 891434354785.891, 1942820571954.7153, 463441873276.814, 474283895497.23737, 15463450433089.36, 165204835878.45602, 5574382768925.185, 65660859992.42646, 13603571130403.488, 61168715917.701546, 259737727392.92523, 9227867922.797546, 3991330411137.409, 894241108.3286848, 13286147851244.658, 193708807558.85483, 324799469019.4646, 403557603014.74536, 559124291489.2964, 1384099269195.3389, 7386452527170.366, 43224506865875.99, 45993628290.24569, 8072295452283.181]},