{"q4": {"flux_list": [6293.695236865657, 6379.964619127914, 6195.792316095182, 6650.725819831336, 5188.986552621682, 6203.244733417746, 7066.374731175739, 6457.098287352644, 7091.332190797899, 5444.168750686159, 5902.874996505745, 4754.330978200958, 6086.037657485558, 5379.974538528626, 6251.102760431915, 6628.493426902771, 5168.266025166824, 5916.026159251375, 5376.264765757642, 5279.335423237445, 5726.860885910012, 6810.091908973114, 5597.715552093458, 5518.058979789252, 6318.702759408097, 6635.668474324714, 5463.28968307386, 5672.056592218329, 5928.216789559263, 4721.74639230991, 5365.076855142741, 5616.594332450826, 5712.43788462984, 5660.504286876261, 4929.877019682921, 6158.290276726102, 5521.723968772416, 5481.716824163799, 4823.993324156916, 7045.430100593971, 5396.355835754597, 6412.480754672122, 6632.078481689185, 4807.863940371499, 6074.461437518593, 5249.577246825921, 6984.603183867929, 5619.627106153588, 4916.226387172799, 6957.9340869945045, 6243.918768733938, 5958.862868146881, 6107.780194266972, 6266.862758058864, 5748.236320506666, 5903.177518754552, 5880.641540490953, 5364.466438706542, 5196.579740300715, 6406.591127273459, 6233.208444762798, 7065.5728203849185, 4477.9184293919225, 6585.469749919001, 5994.886056013345, 5815.48976993283, 6507.945360696576, 6836.738774936885, 5984.821537183947, 6250.122738666395, 5901.445508667898, 6959.1180757481925, 5531.580287509421, 5434.742408343339, 7176.850973156948, 5438.199898951443, 5683.186888550798, 5137.270710050142, 5541.569285916281, 7083.413358873877, 5351.837847355055, 6059.4478050191665, 6437.103814308533, 5865.593602733339, 6402.744076022427, 6121.657614128257, 6317.4619127343985, 5923.78009532087, 5332.434365627034, 5774.0644239066105, 5405.508265785329, 6053.495846804862, 5801.605760432193, 5464.140577074811, 6895.340456866928, 7120.623831214014, 4728.658261259583, 6106.327046069649, 6550.533782197535, 6497.681985267629], "temp_4th_power_list": [27626129352368.15, 901365235338.78, 4133951646932.761, 1304732308526.4045, 53077641026.4785, 491559475911.2638, 9588356712250.654, 261988685059.02734, 2432838364868.5537, 2009103673303.56, 15423812869509.197, 4568315690206.979, 558273563080.8507, 6995141223541.085, 6471191239753.787, 7144601987.427875, 127951508872.6666, 2747662811530.9897, 704574370627.1678, 2087048449072.6248, 138362261028.9199, 5793621938.767552, 32217509102.069897, 193693989208.56497, 5412436130976.594, 3786484355643.935, 21435319200573.28, 23459565654545.234, 1302392033973.7444, 1556471102.8575993, 2517446848641.1094, 1335272283000.7686, 5109233314614.266, 7486922229917.551, 2323630293019.639, 23820613223.0248, 34272213569.401073, 6286896468010.857, 47000641208267.82, 9154796428664.314, 2250198505698.6196, 1043963509246.1755, 869308910323.6874, 2352084696555.111, 53694456460.63269, 8830199125454.332, 10342903689159.7, 1177655901542.16, 2965947487523.8384, 2588517659676.1187, 386543115957.59845, 337473250.5974569, 62533950231.49006, 42052304939.02827, 1773164752649.0776, 269885711624.75613, 262064679057.51562, 1063258953113.8062, 4367496887712.372, 846766267449.5204, 68558163485.64155, 5143385084561.098, 22486157736.31392, 635820766982.9034, 134226570.62887666, 7038375298029.484, 8866362825824.93, 4766084999.773786, 398084986884.18744, 1090107901522.0487, 6479179606805.138, 2014209124.820215, 2979398162336.0503, 9965949827109.729, 1808629964895.4624, 8312509640316.631, 806822151552.3842, 25836449825673.727, 10309579209150.443, 33563571119445.164, 34755538243752.25, 501968231017.85016, 1594789382676.8423, 5654327132220.095, 4504248584295.203, 9443856256767.463, 2885088062707.351, 101850794000.38527, 4204089493201.48, 10583587201226.59, 10700605664.70342, 19739976274593.76, 10686126501151.887, 8590674355259.68, 2105217382730.0107, 3662661813570.4136, 8038085067835.394, 36464120395411.11, 3741185437228.6396, 913815704750.6301]}, "q5": {"flux_list_no_outliers": [6293.695236865657, 6379.964619127914, 6195.792316095182, 6650.725819831336, 5188.986552621682, 6203.244733417746, 6457.098287352644, 5444.168750686159, 5902.874996505745, 4754.330978200958, 6086.037657485558, 5379.974538528626, 6251.102760431915, 6628.493426902771, 5168.266025166824, 5916.026159251375, 5376.264765757642, 5279.335423237445, 5726.860885910012, 6810.091908973114, 5597.715552093458, 5518.058979789252, 6318.702759408097, 6635.668474324714, 5463.28968307386, 5672.056592218329, 5928.216789559263, 4721.74639230991, 5365.076855142741, 5616.594332450826, 5712.43788462984, 5660.504286876261, 4929.877019682921, 6158.290276726102, 5521.723968772416, 5481.716824163799, 4823.993324156916, 5396.355835754597, 6412.480754672122, 6632.078481689185, 4807.863940371499, 6074.461437518593, 5249.577246825921, 6984.603183867929, 5619.627106153588, 4916.226387172799, 6957.9340869945045, 6243.918768733938, 5958.862868146881, 6107.780194266972, 6266.862758058864, 5748.236320506666, 5903.177518754552, 5880.641540490953, 5364.466438706542, 5196.579740300715, 6406.591127273459, 6233.208444762798, 4477.9184293919225, 6585.469749919001, 5994.886056013345, 5815.48976993283, 6507.945360696576, 6836.738774936885, 5984.821537183947, 6250.122738666395, 5901.445508667898, 6959.1180757481925, 5531.580287509421, 5434.742408343339, 5438.199898951443, 5683.186888550798, 5137.270710050142, 5541.569285916281, 5351.837847355055, 6059.4478050191665, 6437.103814308533, 5865.593602733339, 6402.744076022427, 6121.657614128257, 6317.4619127343985, 5923.78009532087, 5332.434365627034, 5774.0644239066105, 5405.508265785329, 6053.495846804862, 5801.605760432193, 5464.140577074811, 6895.340456866928, 4728.658261259583, 6106.327046069649, 6550.533782197535, 6497.681985267629], "temp_4th_power_list_no_outliers": [27626129352368.15, 901365235338.78, 4133951646932.761, 1304732308526.4045, 53077641026.4785, 491559475911.2638, 261988685059.02734, 2009103673303.56, 15423812869509.197, 4568315690206.979, 558273563080.8507, 6995141223541.085, 6471191239753.787, 7144601987.427875, 127951508872.6666, 2747662811530.9897, 704574370627.1678, 2087048449072.6248, 138362261028.9199, 5793621938.767552, 32217509102.069897, 193693989208.56497, 5412436130976.594, 3786484355643.935, 21435319200573.28, 23459565654545.234, 1302392033973.7444, 1556471102.8575993, 2517446848641.1094, 1335272283000.7686, 5109233314614.266, 7486922229917.551, 2323630293019.639, 23820613223.0248, 34272213569.401073, 6286896468010.857, 47000641208267.82, 2250198505698.6196, 1043963509246.1755, 869308910323.6874, 2352084696555.111, 53694456460.63269, 8830199125454.332, 10342903689159.7, 1177655901542.16, 2965947487523.8384, 2588517659676.1187, 386543115957.59845, 337473250.5974569, 62533950231.49006, 42052304939.02827, 1773164752649.0776, 269885711624.75613, 262064679057.51562, 1063258953113.8062, 4367496887712.372, 846766267449.5204, 68558163485.64155, 22486157736.31392, 635820766982.9034, 134226570.62887666, 7038375298029.484, 8866362825824.93, 4766084999.773786, 398084986884.18744, 1090107901522.0487, 6479179606805.138, 2014209124.820215, 2979398162336.0503, 9965949827109.729, 8312509640316.631, 806822151552.3842, 25836449825673.727, 10309579209150.443, 34755538243752.25, 501968231017.85016, 1594789382676.8423, 5654327132220.095, 4504248584295.203, 9443856256767.463, 2885088062707.351, 101850794000.38527, 4204089493201.48, 10583587201226.59, 10700605664.70342, 19739976274593.76, 10686126501151.887, 8590674355259.68, 2105217382730.0107, 8038085067835.394, 36464120395411.11, 3741185437228.6396, 913815704750.6301]},