{"q4": {"flux_list": [4942.258571454098, 5859.60295788229, 6574.045623206213, 6882.7039341848285, 6415.793331232319, 6987.672558183425, 6239.6034727679935, 5432.675350656044, 5958.624003127741, 5757.742461374672, 7312.779484233688, 6180.240514602073, 5663.05714375849, 5586.1244285061475, 7428.251655539196, 5412.0781150129715, 5462.476742912435, 5565.951855560261, 5908.134144694367, 6406.85122323587, 6477.296379779555, 6460.667326607871, 6555.473595432581, 5425.877453456033, 5852.160600551003, 5320.33650670303, 5988.6652267845875, 6967.403419493552, 6251.616104652089, 6460.7028427268115, 5743.567711116763, 4702.982527525267, 6011.279278321943, 5434.170997068371, 6256.047056346182, 5991.741150641481, 6510.133921387426, 5892.09535076347, 5568.819675994002, 5966.694209728638, 6879.0659560360355, 7230.521197102716, 6576.017055026738, 5889.583344018292, 5515.988107032448, 6097.143527580941, 6301.936943514095, 7396.499431992729, 6847.4385472817685, 5366.714578617814, 6134.470165993038, 5564.801420502934, 7277.587905610425, 6462.427836642496, 6021.901167985344, 5123.349513236631, 5562.168370230053, 5013.397895713015, 6338.034821204765, 6975.017936339683, 5164.866425165419, 5850.221231940393, 6402.282586379493, 5332.409480240834, 5623.589891270226, 6221.312077417861, 5898.256146310866, 5885.422412458638, 6233.771644437118, 5249.911303206106, 5752.469054346118, 6725.944136772086, 5864.563086684366, 5433.959572651327, 4821.931270660225, 5093.588696128359, 6700.200834843934, 6826.58853522115, 4891.626057582488, 6172.983715262142, 6397.0621323938085, 6666.437527561781, 6194.1186332564175, 5101.039643428983, 5947.072226571837, 5258.7036866918515, 6024.025352244383, 6732.398089281257, 5936.363995486805, 6352.880383197803, 6781.601171744516, 6077.028697931832, 6090.688908545224, 6566.170248570831, 6439.576935605298, 5407.626611616867, 6225.831899945835, 6324.5752304784555, 6043.296684130692, 6293.22694500174], "temp_4th_power_list": [12633265385734.174, 2186951669000.2668, 877765832383.789, 1066020672091.3231, 8943377923.415438, 230053222027.756, 471034105274.2103, 1306624705260.322, 18946005096.22674, 3924052250316.9106, 1869155295040.774, 255502098519.82608, 17085946976727.943, 935637893258.3905, 30328487885794.71, 2399262502541.95, 1721327637604.59, 79783852126.45364, 13710895882301.3, 22901204473.219524, 2511803084902.7124, 3586572933938.907, 171166309812.49472, 3323117202994.1714, 2327944452302.6743, 2418055115151.2876, 9097795158990.393, 2615386060773.18, 1672624784159.7432, 2023078478912.9792, 218547266.06882203, 303028113313.2981, 22216218042860.53, 2962028497958.2915, 11075700314324.049, 1745774663056.1946, 466483751085.40234, 39720982223252.77, 99457740463.81284, 3674874779397.229, 287756730573.3702, 1566425613397.3972, 1655064774428.0344, 13969603821304.281, 2406372380675.989, 185800171919.2259, 1629442325278.5542, 276956250912.9962, 14514089058.771078, 187246176587.2417, 19051592740251.77, 1888460882132.0356, 1395196655078.1099, 13181982808867.219, 16640918260572.465, 154825217699.61594, 946164150917.1322, 13841450245083.8, 30764677624.49247, 5258926959.819546, 354574401392.1686, 761561191766.2697, 2032770241388.314, 5277379450654.202, 6035374081091.771, 1986963942551.422, 1447623406766.5178, 19567434932128.273, 5691211008915.06, 5064631991344.233, 552630454.9638879, 2390429416820.8345, 14570890573028.582, 1511017526348.7588, 252026739808.54715, 115865533394.27934, 636726155326.2837, 48224654383.915054, 278008486551.2689, 14700061312205.318, 3144341988688.203, 21218936880.34159, 327072687741.0885, 10687379524120.035, 10255725662478.521, 95191446012.29524, 45373532111.27449, 1489195660248.3823, 860078374008.1385, 2769695738795.0425, 1393343617337.3254, 379773057680.8108, 4000930159432.1733, 1533200327421.478, 2189247253935.2566, 781697467161.2595, 7475594911265.347, 10375631317824.635, 1360750429034.467, 37535171322.30855]}, "q5": {"flux_list_no_outliers": [4942.258571454098, 5859.60295788229, 6574.045623206213, 6882.7039341848285, 6415.793331232319, 6987.672558183425, 6239.6034727679935, 5432.675350656044, 5958.624003127741, 5757.742461374672, 6180.240514602073, 5663.05714375849, 5586.1244285061475, 5412.0781150129715, 5462.476742912435, 5565.951855560261, 5908.134144694367, 6406.85122323587, 6477.296379779555, 6460.667326607871, 6555.473595432581, 5425.877453456033, 5852.160600551003, 5320.33650670303, 5988.6652267845875, 6967.403419493552, 6251.616104652089, 6460.7028427268115, 5743.567711116763, 4702.982527525267, 6011.279278321943, 5434.170997068371, 6256.047056346182, 5991.741150641481, 6510.133921387426, 5892.09535076347, 5568.819675994002, 5966.694209728638, 6879.0659560360355, 6576.017055026738, 5889.583344018292, 5515.988107032448, 6097.143527580941, 6301.936943514095, 6847.4385472817685, 5366.714578617814, 6134.470165993038, 5564.801420502934, 6462.427836642496, 6021.901167985344, 5123.349513236631, 5562.168370230053, 5013.397895713015, 6338.034821204765, 6975.017936339683, 5164.866425165419, 5850.221231940393, 6402.282586379493, 5332.409480240834, 5623.589891270226, 6221.312077417861, 5898.256146310866, 5885.422412458638, 6233.771644437118, 5249.911303206106, 5752.469054346118, 6725.944136772086, 5864.563086684366, 5433.959572651327, 4821.931270660225, 5093.588696128359, 6700.200834843934, 6826.58853522115, 4891.626057582488, 6172.983715262142, 6397.0621323938085, 6666.437527561781, 6194.1186332564175, 5101.039643428983, 5947.072226571837, 5258.7036866918515, 6024.025352244383, 6732.398089281257, 5936.363995486805, 6352.880383197803, 6781.601171744516, 6077.028697931832, 6090.688908545224, 6566.170248570831, 6439.576935605298, 5407.626611616867, 6225.831899945835, 6324.5752304784555, 6043.296684130692, 6293.22694500174], "temp_4th_power_list_no_outliers": [12633265385734.174, 2186951669000.2668, 877765832383.789, 1066020672091.3231, 8943377923.415438, 230053222027.756, 471034105274.2103, 1306624705260.322, 18946005096.22674, 3924052250316.9106, 255502098519.82608, 17085946976727.943, 935637893258.3905, 2399262502541.95, 1721327637604.59, 79783852126.45364, 13710895882301.3, 22901204473.219524, 2511803084902.7124, 3586572933938.907, 171166309812.49472, 3323117202994.1714, 2327944452302.6743, 2418055115151.2876, 9097795158990.393, 2615386060773.18, 1672624784159.7432, 2023078478912.9792, 218547266.06882203, 303028113313.2981, 22216218042860.53, 2962028497958.2915, 11075700314324.049, 1745774663056.1946, 466483751085.40234, 39720982223252.77, 99457740463.81284, 3674874779397.229, 287756730573.3702, 1655064774428.0344, 13969603821304.281, 2406372380675.989, 185800171919.2259, 1629442325278.5542, 14514089058.771078, 187246176587.2417, 19051592740251.77, 1888460882132.0356, 13181982808867.219, 16640918260572.465, 154825217699.61594, 946164150917.1322, 13841450245083.8, 30764677624.49247, 5258926959.819546, 354574401392.1686, 761561191766.2697, 2032770241388.314, 5277379450654.202, 6035374081091.771, 1986963942551.422, 1447623406766.5178, 19567434932128.273, 5691211008915.06, 5064631991344.233, 552630454.9638879, 2390429416820.8345, 14570890573028.582, 1511017526348.7588, 252026739808.54715, 115865533394.27934, 636726155326.2837, 48224654383.915054, 278008486551.2689, 14700061312205.318, 3144341988688.203, 21218936880.34159, 327072687741.0885, 10687379524120.035, 10255725662478.521, 95191446012.29524, 45373532111.27449, 1489195660248.3823, 860078374008.1385, 2769695738795.0425, 1393343617337.3254, 379773057680.8108, 4000930159432.1733, 1533200327421.478, 2189247253935.2566, 781697467161.2595, 7475594911265.347, 10375631317824.635, 1360750429034.467, 37535171322.30855]},