{"q4": {"flux_list": [5131.842677358012, 7475.823566520479, 6293.878045577308, 5819.66871235614, 5396.912201729674, 5899.936924877737, 5945.581172517141, 5967.938242733177, 5872.448103115237, 5251.804830769533, 6451.469753780879, 6655.761324146913, 5523.709317834655, 6180.9368414450155, 5914.960013341826, 5763.656440283317, 6814.307141143168, 6716.66996806582, 5610.01130405448, 6569.54846910947, 6427.610528451196, 6520.323686132387, 6760.380512830494, 5443.081730113592, 5435.626908427521, 6095.344038561276, 5347.402170546324, 5338.821870805903, 6035.7806484805515, 5529.685265571154, 5543.467303094873, 4911.274844129924, 5085.141089224817, 5325.98905350275, 5946.894229996791, 5934.60758112968, 5570.963977204048, 5841.631645684599, 5598.749166876403, 5963.815871848862, 5382.876289950922, 6946.02271649978, 6426.020705438609, 4768.803765652197, 5907.211486441713, 6318.707729291061, 5844.891661514753, 6384.602976642945, 4714.251582105428, 5954.712604295718, 6387.308691599678, 6021.429658664734, 6930.861185079689, 6041.666085027409, 6518.554947985858, 5717.612574608553, 7227.312667417852, 5973.307508692271, 6709.987932414542, 6084.169951539818, 6376.941704061407, 4834.777673268302, 5525.030153944832, 6075.568421423273, 6709.442240494173, 6169.101401040213, 5741.927490710445, 5369.855715960348, 7102.2503691155325, 6533.188127178386, 7470.968017088682, 7270.817195384419, 5831.3167255114095, 6866.265904618041, 6932.519310540864, 5934.142284435837, 5805.540931763309, 6152.66774407712, 4488.520891968742, 4235.0428512003955, 5171.903780042495, 6170.755894585729, 6725.680003299181, 5581.475229915057, 5906.503991614626, 6420.01051741798, 7298.28108651833, 5392.454017567039, 6818.353523695706, 6561.990864362944, 5775.379732640297, 5380.369627631793, 5196.637529478683, 7023.296246211854, 7653.110152222525, 6074.38472610393, 5655.830453916883, 5846.248590781501, 5542.580423248691, 5073.134858874289], "temp_4th_power_list": [5975023185009.185, 2460262103187.6694, 464606840331.19824, 54712065.16412474, 6613350954476.35, 2595780306.287814, 3555191394196.032, 241489621352.07593, 8334336502763.999, 153061986126002.06, 522620766567.13696, 94063544952.25253, 4225843659.8236623, 4950575793.81477, 1664579902.3253646, 6902476868759.69, 547859525866.06415, 171087689521.56607, 890648229913.0294, 1389834499890.3875, 35794210964.55217, 1979909397843.7349, 12451996580689.863, 705161197903.3088, 14886534517434.312, 3161769132148.548, 16280699869822.705, 697235445882.3735, 2119939006209.722, 3080526216505.0747, 205705007936.9148, 1771797014509.451, 1252478933584.6587, 3460127853915.32, 888981847376.9023, 27685335767882.633, 7638175877091.527, 676081495188.5829, 14744360613248.555, 2303377009782.553, 726997320192.8792, 53134145523555.66, 5896875178289.717, 8026554573314.118, 33095854082065.938, 1937015881.874538, 541629880196.4788, 1257507655567.7148, 61122273457.805084, 4699172836.430164, 182554654033.8777, 978000362056.3005, 5373734991403.019, 2911394585198.226, 80734437100.7389, 20803781094587.215, 28955863384122.195, 1922718939518.0845, 3835018373005.6157, 7431964345966.813, 24611246976265.293, 2254061835776.7744, 888284243614.5347, 4320655529198.3096, 2310163763750.54, 8169403546727.609, 5288339737225.46, 6477332336748.846, 4645001070752.439, 4233774938611.0767, 27797777876832.027, 14243995894561.57, 2817416902193.379, 109392256584.63872, 236760264464.7967, 2556842091498.4355, 432055256345.9102, 12745872165.868093, 5110657038099.91, 344809603157.9769, 233310735208.07245, 1609022070694.4858, 2695212942851.4077, 120554427071.09753, 2884548500610.281, 44691518773319.164, 434647843586.3152, 10994989613470.14, 649041482.0279831, 137539764345.7249, 1579678896089.142, 7019012320.1877165, 17423229721966.467, 261301555467.60474, 1904072112512.3296, 99874975795.10043, 730356715004.188, 6777507260707.521, 53113683285.36805, 34336132904588.473]}, "q5": {"flux_list_no_outliers": [5131.842677358012, 6293.878045577308, 5819.66871235614, 5396.912201729674, 5899.936924877737, 5945.581172517141, 5967.938242733177, 5872.448103115237, 5251.804830769533, 6451.469753780879, 6655.761324146913, 5523.709317834655, 6180.9368414450155, 5914.960013341826, 5763.656440283317, 6814.307141143168, 6716.66996806582, 5610.01130405448, 6569.54846910947, 6427.610528451196, 6520.323686132387, 6760.380512830494, 5443.081730113592, 5435.626908427521, 6095.344038561276, 5347.402170546324, 5338.821870805903, 6035.7806484805515, 5529.685265571154, 5543.467303094873, 4911.274844129924, 5085.141089224817, 5325.98905350275, 5946.894229996791, 5934.60758112968, 5570.963977204048, 5841.631645684599, 5598.749166876403, 5963.815871848862, 5382.876289950922, 6946.02271649978, 6426.020705438609, 4768.803765652197, 5907.211486441713, 6318.707729291061, 5844.891661514753, 6384.602976642945, 4714.251582105428, 5954.712604295718, 6387.308691599678, 6021.429658664734, 6930.861185079689, 6041.666085027409, 6518.554947985858, 5717.612574608553, 5973.307508692271, 6709.987932414542, 6084.169951539818, 6376.941704061407, 4834.777673268302, 5525.030153944832, 6075.568421423273, 6709.442240494173, 6169.101401040213, 5741.927490710445, 5369.855715960348, 6533.188127178386, 5831.3167255114095, 6866.265904618041, 6932.519310540864, 5934.142284435837, 5805.540931763309, 6152.66774407712, 4488.520891968742, 4235.0428512003955, 5171.903780042495, 6170.755894585729, 6725.680003299181, 5581.475229915057, 5906.503991614626, 6420.01051741798, 5392.454017567039, 6818.353523695706, 6561.990864362944, 5775.379732640297, 5380.369627631793, 5196.637529478683, 6074.38472610393, 5655.830453916883, 5846.248590781501, 5542.580423248691, 5073.134858874289], "temp_4th_power_list_no_outliers": [5975023185009.185, 464606840331.19824, 54712065.16412474, 6613350954476.35, 2595780306.287814, 3555191394196.032, 241489621352.07593, 8334336502763.999, 153061986126002.06, 522620766567.13696, 94063544952.25253, 4225843659.8236623, 4950575793.81477, 1664579902.3253646, 6902476868759.69, 547859525866.06415, 171087689521.56607, 890648229913.0294, 1389834499890.3875, 35794210964.55217, 1979909397843.7349, 12451996580689.863, 705161197903.3088, 14886534517434.312, 3161769132148.548, 16280699869822.705, 697235445882.3735, 2119939006209.722, 3080526216505.0747, 205705007936.9148, 1771797014509.451, 1252478933584.6587, 3460127853915.32, 888981847376.9023, 27685335767882.633, 7638175877091.527, 676081495188.5829, 14744360613248.555, 2303377009782.553, 726997320192.8792, 53134145523555.66, 5896875178289.717, 8026554573314.118, 33095854082065.938, 1937015881.874538, 541629880196.4788, 1257507655567.7148, 61122273457.805084, 4699172836.430164, 182554654033.8777, 978000362056.3005, 5373734991403.019, 2911394585198.226, 80734437100.7389, 20803781094587.215, 1922718939518.0845, 3835018373005.6157, 7431964345966.813, 24611246976265.293, 2254061835776.7744, 888284243614.5347, 4320655529198.3096, 2310163763750.54, 8169403546727.609, 5288339737225.46, 6477332336748.846, 4233774938611.0767, 2817416902193.379, 109392256584.63872, 236760264464.7967, 2556842091498.4355, 432055256345.9102, 12745872165.868093, 5110657038099.91, 344809603157.9769, 233310735208.07245, 1609022070694.4858, 2695212942851.4077, 120554427071.09753, 2884548500610.281, 44691518773319.164, 10994989613470.14, 649041482.0279831, 137539764345.7249, 1579678896089.142, 7019012320.1877165, 17423229721966.467, 99874975795.10043, 730356715004.188, 6777507260707.521, 53113683285.36805, 34336132904588.473]},